{
  "Login-17" : {
    "transaction" : "Login-17",
    "sampleCount" : 336,
    "errorCount" : 0,
    "errorPct" : 0.0,
    "meanResTime" : 1624.1249999999998,
    "medianResTime" : 1696.5,
    "minResTime" : 364.0,
    "maxResTime" : 3024.0,
    "pct1ResTime" : 2319.2,
    "pct2ResTime" : 2496.5,
    "pct3ResTime" : 2842.7699999999995,
    "throughput" : 1.7957447263359858,
    "receivedKBytesPerSec" : 31.05726474942413,
    "sentKBytesPerSec" : 1.0469332047095543
  },
  "Empl-23" : {
    "transaction" : "Empl-23",
    "sampleCount" : 307,
    "errorCount" : 0,
    "errorPct" : 0.0,
    "meanResTime" : 1549.1498371335517,
    "medianResTime" : 1659.0,
    "minResTime" : 357.0,
    "maxResTime" : 3391.0,
    "pct1ResTime" : 2256.6,
    "pct2ResTime" : 2441.2,
    "pct3ResTime" : 3091.8,
    "throughput" : 1.6491899093214146,
    "receivedKBytesPerSec" : 2.597796214585393,
    "sentKBytesPerSec" : 1.0017540269510938
  },
  "Empl-24" : {
    "transaction" : "Empl-24",
    "sampleCount" : 285,
    "errorCount" : 0,
    "errorPct" : 0.0,
    "meanResTime" : 2288.259649122807,
    "medianResTime" : 2430.0,
    "minResTime" : 417.0,
    "maxResTime" : 4067.0,
    "pct1ResTime" : 3267.0,
    "pct2ResTime" : 3510.2,
    "pct3ResTime" : 3743.8199999999983,
    "throughput" : 1.6170121020589956,
    "receivedKBytesPerSec" : 16.9717731654714,
    "sentKBytesPerSec" : 1.1164331603083102
  },
  "Login-15" : {
    "transaction" : "Login-15",
    "sampleCount" : 340,
    "errorCount" : 0,
    "errorPct" : 0.0,
    "meanResTime" : 1340.9470588235292,
    "medianResTime" : 1417.5,
    "minResTime" : 349.0,
    "maxResTime" : 2837.0,
    "pct1ResTime" : 2039.9,
    "pct2ResTime" : 2294.2499999999995,
    "pct3ResTime" : 2684.659999999998,
    "throughput" : 1.8277702815303813,
    "receivedKBytesPerSec" : 2.5631622307398705,
    "sentKBytesPerSec" : 1.1494961536187163
  },
  "Empl-25" : {
    "transaction" : "Empl-25",
    "sampleCount" : 299,
    "errorCount" : 0,
    "errorPct" : 0.0,
    "meanResTime" : 1639.4615384615383,
    "medianResTime" : 1765.0,
    "minResTime" : 375.0,
    "maxResTime" : 3479.0,
    "pct1ResTime" : 2322.0,
    "pct2ResTime" : 2561.0,
    "pct3ResTime" : 3272.0,
    "throughput" : 1.6098117758539001,
    "receivedKBytesPerSec" : 10.246797706152819,
    "sentKBytesPerSec" : 0.9636861509750398
  },
  "Empl-26" : {
    "transaction" : "Empl-26",
    "sampleCount" : 289,
    "errorCount" : 0,
    "errorPct" : 0.0,
    "meanResTime" : 1622.7681660899652,
    "medianResTime" : 1751.0,
    "minResTime" : 376.0,
    "maxResTime" : 3364.0,
    "pct1ResTime" : 2330.0,
    "pct2ResTime" : 2430.5,
    "pct3ResTime" : 2894.000000000002,
    "throughput" : 1.560930292849967,
    "receivedKBytesPerSec" : 4.210243621925399,
    "sentKBytesPerSec" : 0.9191806314341116
  },
  "Login-10" : {
    "transaction" : "Login-10",
    "sampleCount" : 355,
    "errorCount" : 0,
    "errorPct" : 0.0,
    "meanResTime" : 1509.6929577464778,
    "medianResTime" : 1574.0,
    "minResTime" : 361.0,
    "maxResTime" : 3421.0,
    "pct1ResTime" : 2341.2000000000003,
    "pct2ResTime" : 2492.6,
    "pct3ResTime" : 3313.24,
    "throughput" : 1.9429271976969473,
    "receivedKBytesPerSec" : 2.9200829660699235,
    "sentKBytesPerSec" : 1.1441260744250576
  },
  "Dashboard" : {
    "transaction" : "Dashboard",
    "sampleCount" : 332,
    "errorCount" : 0,
    "errorPct" : 0.0,
    "meanResTime" : 24224.496987951807,
    "medianResTime" : 26869.0,
    "minResTime" : 6075.0,
    "maxResTime" : 37095.0,
    "pct1ResTime" : 33485.7,
    "pct2ResTime" : 34402.6,
    "pct3ResTime" : 35789.93000000001,
    "throughput" : 1.7152658662092624,
    "receivedKBytesPerSec" : 376.33724622977326,
    "sentKBytesPerSec" : 15.938686066629295
  },
  "Login-3 - Token" : {
    "transaction" : "Login-3 - Token",
    "sampleCount" : 362,
    "errorCount" : 0,
    "errorPct" : 0.0,
    "meanResTime" : 7250.560773480663,
    "medianResTime" : 8108.0,
    "minResTime" : 1101.0,
    "maxResTime" : 12544.0,
    "pct1ResTime" : 10867.1,
    "pct2ResTime" : 11450.599999999999,
    "pct3ResTime" : 12096.79,
    "throughput" : 1.992492376790216,
    "receivedKBytesPerSec" : 10.117813593944366,
    "sentKBytesPerSec" : 3.1914558301042484
  },
  "Login-13" : {
    "transaction" : "Login-13",
    "sampleCount" : 347,
    "errorCount" : 0,
    "errorPct" : 0.0,
    "meanResTime" : 1597.9884726224784,
    "medianResTime" : 1708.0,
    "minResTime" : 361.0,
    "maxResTime" : 3299.0,
    "pct1ResTime" : 2387.2,
    "pct2ResTime" : 2535.7999999999997,
    "pct3ResTime" : 3049.9599999999996,
    "throughput" : 1.8749054442499296,
    "receivedKBytesPerSec" : 2.9273869248308806,
    "sentKBytesPerSec" : 1.1187179945670969
  },
  "Login-1" : {
    "transaction" : "Login-1",
    "sampleCount" : 370,
    "errorCount" : 4,
    "errorPct" : 1.081081,
    "meanResTime" : 2108.6378378378386,
    "medianResTime" : 2219.0,
    "minResTime" : 891.0,
    "maxResTime" : 3641.0,
    "pct1ResTime" : 2904.5,
    "pct2ResTime" : 3098.0,
    "pct3ResTime" : 3493.760000000001,
    "throughput" : 2.0893685024874777,
    "receivedKBytesPerSec" : 5.310590407186863,
    "sentKBytesPerSec" : 1.0784886983516577
  },
  "Login-14" : {
    "transaction" : "Login-14",
    "sampleCount" : 343,
    "errorCount" : 0,
    "errorPct" : 0.0,
    "meanResTime" : 1503.620991253646,
    "medianResTime" : 1628.0,
    "minResTime" : 361.0,
    "maxResTime" : 2869.0,
    "pct1ResTime" : 2252.4,
    "pct2ResTime" : 2385.0000000000005,
    "pct3ResTime" : 2712.76,
    "throughput" : 1.847771630510319,
    "receivedKBytesPerSec" : 2.7882658841694994,
    "sentKBytesPerSec" : 1.106136728030103
  },
  "Login-2" : {
    "transaction" : "Login-2",
    "sampleCount" : 367,
    "errorCount" : 0,
    "errorPct" : 0.0,
    "meanResTime" : 2179.3678474114436,
    "medianResTime" : 2224.0,
    "minResTime" : 1096.0,
    "maxResTime" : 3904.0,
    "pct1ResTime" : 2857.6,
    "pct2ResTime" : 3190.7999999999993,
    "pct3ResTime" : 3505.04,
    "throughput" : 2.0771664506489023,
    "receivedKBytesPerSec" : 208.31447820743932,
    "sentKBytesPerSec" : 1.0994377111833058
  },
  "Login-11" : {
    "transaction" : "Login-11",
    "sampleCount" : 354,
    "errorCount" : 0,
    "errorPct" : 0.0,
    "meanResTime" : 1610.5536723163848,
    "medianResTime" : 1695.5,
    "minResTime" : 361.0,
    "maxResTime" : 3450.0,
    "pct1ResTime" : 2431.0,
    "pct2ResTime" : 2674.25,
    "pct3ResTime" : 3245.7999999999993,
    "throughput" : 1.9298073463513559,
    "receivedKBytesPerSec" : 2.8048901399928043,
    "sentKBytesPerSec" : 1.16466888676283
  },
  "Login-12" : {
    "transaction" : "Login-12",
    "sampleCount" : 350,
    "errorCount" : 0,
    "errorPct" : 0.0,
    "meanResTime" : 1551.282857142857,
    "medianResTime" : 1662.5,
    "minResTime" : 374.0,
    "maxResTime" : 3394.0,
    "pct1ResTime" : 2286.6000000000004,
    "pct2ResTime" : 2434.35,
    "pct3ResTime" : 2981.4100000000017,
    "throughput" : 1.8973274787228276,
    "receivedKBytesPerSec" : 6.03105560863555,
    "sentKBytesPerSec" : 1.0968924486366347
  },
  "Login-5" : {
    "transaction" : "Login-5",
    "sampleCount" : 357,
    "errorCount" : 0,
    "errorPct" : 0.0,
    "meanResTime" : 2128.9887955182076,
    "medianResTime" : 2237.0,
    "minResTime" : 630.0,
    "maxResTime" : 4068.0,
    "pct1ResTime" : 2831.0,
    "pct2ResTime" : 2948.1,
    "pct3ResTime" : 3680.920000000001,
    "throughput" : 1.9576554197443534,
    "receivedKBytesPerSec" : 196.35829331141255,
    "sentKBytesPerSec" : 1.04573976035172
  },
  "Login-7" : {
    "transaction" : "Login-7",
    "sampleCount" : 350,
    "errorCount" : 0,
    "errorPct" : 0.0,
    "meanResTime" : 553.451428571429,
    "medianResTime" : 565.0,
    "minResTime" : 269.0,
    "maxResTime" : 820.0,
    "pct1ResTime" : 641.0,
    "pct2ResTime" : 705.0,
    "pct3ResTime" : 807.47,
    "throughput" : 1.9061415881971715,
    "receivedKBytesPerSec" : 52.48590646563227,