{
  "-30" : {
    "transaction" : "-30",
    "sampleCount" : 183,
    "errorCount" : 0,
    "errorPct" : 0.0,
    "meanResTime" : 450.8852459016393,
    "medianResTime" : 413.0,
    "minResTime" : 343.0,
    "maxResTime" : 883.0,
    "pct1ResTime" : 583.1999999999999,
    "pct2ResTime" : 667.1999999999996,
    "pct3ResTime" : 798.9999999999997,
    "throughput" : 1.1052126175420798,
    "receivedKBytesPerSec" : 21.569994298416464,
    "sentKBytesPerSec" : 0.8062439700233724
  },
  "-32" : {
    "transaction" : "-32",
    "sampleCount" : 183,
    "errorCount" : 0,
    "errorPct" : 0.0,
    "meanResTime" : 909.8360655737705,
    "medianResTime" : 833.0,
    "minResTime" : 697.0,
    "maxResTime" : 2052.0,
    "pct1ResTime" : 1221.2,
    "pct2ResTime" : 1299.9999999999995,
    "pct3ResTime" : 1789.919999999999,
    "throughput" : 1.1028946464409048,
    "receivedKBytesPerSec" : 4.983042476887427,
    "sentKBytesPerSec" : 1.8471331236778825
  },
  "-14" : {
    "transaction" : "-14",
    "sampleCount" : 195,
    "errorCount" : 0,
    "errorPct" : 0.0,
    "meanResTime" : 920.4871794871794,
    "medianResTime" : 754.0,
    "minResTime" : 389.0,
    "maxResTime" : 1675.0,
    "pct1ResTime" : 1349.6000000000001,
    "pct2ResTime" : 1434.3999999999996,
    "pct3ResTime" : 1660.6,
    "throughput" : 1.1160586531747576,
    "receivedKBytesPerSec" : 111.9445227185901,
    "sentKBytesPerSec" : 0.8130661672542667
  },
  "-17" : {
    "transaction" : "-17",
    "sampleCount" : 189,
    "errorCount" : 0,
    "errorPct" : 0.0,
    "meanResTime" : 463.35978835978835,
    "medianResTime" : 423.0,
    "minResTime" : 353.0,
    "maxResTime" : 990.0,
    "pct1ResTime" : 596.0,
    "pct2ResTime" : 719.5,
    "pct3ResTime" : 908.0999999999995,
    "throughput" : 1.1309577237231847,
    "receivedKBytesPerSec" : 3.861160353648685,
    "sentKBytesPerSec" : 0.8449049400861681
  },
  "-18" : {
    "transaction" : "-18",
    "sampleCount" : 191,
    "errorCount" : 0,
    "errorPct" : 0.0,
    "meanResTime" : 437.3664921465969,
    "medianResTime" : 402.0,
    "minResTime" : 330.0,
    "maxResTime" : 1131.0,
    "pct1ResTime" : 558.8,
    "pct2ResTime" : 630.1999999999996,
    "pct3ResTime" : 1017.8399999999981,
    "throughput" : 1.1425426658930078,
    "receivedKBytesPerSec" : 1.6022375666233977,
    "sentKBytesPerSec" : 0.9115794512056518
  },
  "-19" : {
    "transaction" : "-19",
    "sampleCount" : 186,
    "errorCount" : 0,
    "errorPct" : 0.0,
    "meanResTime" : 494.9516129032256,
    "medianResTime" : 434.5,
    "minResTime" : 354.0,
    "maxResTime" : 1185.0,
    "pct1ResTime" : 672.2000000000002,
    "pct2ResTime" : 864.5500000000001,
    "pct3ResTime" : 1095.3899999999994,
    "throughput" : 1.119557955181567,
    "receivedKBytesPerSec" : 2.7682819751169214,
    "sentKBytesPerSec" : 0.9282272499503422
  },
  "Logout" : {
    "transaction" : "Logout",
    "sampleCount" : 183,
    "errorCount" : 0,
    "errorPct" : 0.0,
    "meanResTime" : 909.8360655737705,
    "medianResTime" : 833.0,
    "minResTime" : 697.0,
    "maxResTime" : 2052.0,
    "pct1ResTime" : 1221.2,
    "pct2ResTime" : 1299.9999999999995,
    "pct3ResTime" : 1789.919999999999,
    "throughput" : 1.1028879996142906,
    "receivedKBytesPerSec" : 4.983012445533605,
    "sentKBytesPerSec" : 1.847121991541512
  },
  "-8-1" : {
    "transaction" : "-8-1",
    "sampleCount" : 198,
    "errorCount" : 0,
    "errorPct" : 0.0,
    "meanResTime" : 509.9898989898992,
    "medianResTime" : 455.0,
    "minResTime" : 375.0,
    "maxResTime" : 1076.0,
    "pct1ResTime" : 695.4,
    "pct2ResTime" : 845.8499999999997,
    "pct3ResTime" : 981.9499999999991,
    "throughput" : 1.131266961862591,
    "receivedKBytesPerSec" : 3.4523527888873016,
    "sentKBytesPerSec" : 1.0859720932723895
  },
  "-8-0" : {
    "transaction" : "-8-0",
    "sampleCount" : 198,
    "errorCount" : 0,
    "errorPct" : 0.0,
    "meanResTime" : 944.6515151515152,
    "medianResTime" : 816.5,
    "minResTime" : 669.0,
    "maxResTime" : 2609.0,
    "pct1ResTime" : 1368.3,
    "pct2ResTime" : 1612.249999999998,
    "pct3ResTime" : 2474.3599999999988,
    "throughput" : 1.1292281896418979,
    "receivedKBytesPerSec" : 2.2871281887864217,
    "sentKBytesPerSec" : 1.2813202203135603
  },
  "-32-1" : {
    "transaction" : "-32-1",
    "sampleCount" : 183,
    "errorCount" : 0,
    "errorPct" : 0.0,
    "meanResTime" : 462.1038251366122,
    "medianResTime" : 419.0,
    "minResTime" : 343.0,
    "maxResTime" : 971.0,
    "pct1ResTime" : 620.0,
    "pct2ResTime" : 678.5999999999999,
    "pct3ResTime" : 901.2799999999997,
    "throughput" : 1.1051992680319602,
    "receivedKBytesPerSec" : 2.78197726867817,
    "sentKBytesPerSec" : 0.9249568092806543
  },
  "-1" : {
    "transaction" : "-1",
    "sampleCount" : 200,
    "errorCount" : 0,
    "errorPct" : 0.0,
    "meanResTime" : 1038.5950000000007,
    "medianResTime" : 1007.0,
    "minResTime" : 883.0,
    "maxResTime" : 1870.0,
    "pct1ResTime" : 1217.3000000000002,
    "pct2ResTime" : 1288.6999999999998,
    "pct3ResTime" : 1499.5200000000004,
    "throughput" : 1.1182492689445405,
    "receivedKBytesPerSec" : 2.8239506977875437,
    "sentKBytesPerSec" : 0.8620566141648635
  },
  "-4" : {
    "transaction" : "-4",
    "sampleCount" : 200,
    "errorCount" : 0,
    "errorPct" : 0.0,
    "meanResTime" : 1274.7099999999998,
    "medianResTime" : 1243.5,
    "minResTime" : 1111.0,
    "maxResTime" : 1632.0,
    "pct1ResTime" : 1422.7,
    "pct2ResTime" : 1534.7999999999995,
    "pct3ResTime" : 1625.98,
    "throughput" : 1.1225297330063029,
    "receivedKBytesPerSec" : 112.57705991221816,
    "sentKBytesPerSec" : 0.8122993478102251
  },
  "Assertion" : {
    "transaction" : "Assertion",
    "sampleCount" : 186,
    "errorCount" : 0,
    "errorPct" : 0.0,
    "meanResTime" : 488.62365591397855,
    "medianResTime" : 425.5,
    "minResTime" : 352.0,
    "maxResTime" : 1104.0,
    "pct1ResTime" : 715.4000000000001,
    "pct2ResTime" : 775.4000000000001,
    "pct3ResTime" : 1016.1299999999995,
    "throughput" : 1.1200163787341406,
    "receivedKBytesPerSec" : 1.8397144033504147,
    "sentKBytesPerSec" : 0.8575125399683264
  },
  "Login" : {
    "transaction" : "Login",
    "sampleCount" : 200,
    "errorCount" : 0,
    "errorPct" : 0.0,
    "meanResTime" : 2313.3049999999994,
    "medianResTime" : 2267.0,
    "minResTime" : 1998.0,
    "maxResTime" : 3092.0,
    "pct1ResTime" : 2578.0,
    "pct2ResTime" : 2664.85,
    "pct3ResTime" : 3039.5000000000005,
    "throughput" : 1.1104633408289608,
    "receivedKBytesPerSec" : 114.17122563921046,
    "sentKBytesPerSec" : 1.659622164848283
  },
  "-8" : {
    "transaction" : "-8",
    "sampleCount" : 198,
    "errorCount" : 0,
    "errorPct" : 0.0,
    "meanResTime" : 1455.1565656565658,
    "medianResTime" : 1302.0,
    "minResTime" : 1065.0,
    "maxResTime" : 3200.0,
    "pct1ResTime" : 2034.1,
    "pct2ResTime" : 2453.4999999999995,
    "pct3ResTime" : 2961.409999999998,
    "throughput" : 1.1266002844950211,
    "receivedKBytesPerSec" : 5.719916874110953,
    "sentKBytesPerSec" : 2.3598306365576103
  },
  "-20" : {
    "transaction" : "-20",
    "sampleCount" : 192,
    "errorCount" : 0,
    "errorPct" : 0.0,
    "meanResTime" : 463.02083333333326,
    "medianResTime" : 417.5,
    "minResTime" : 339.0,
    "maxResTime" : 974.0,
    "pct1ResTime" : 607.5000000000001,
    "pct2ResTime" : 704.5,
    "pct3ResTime" : 866.1199999999992,
    "throughput" : 1.1481536851547316,
    "receivedKBytesPerSec" : 1.7255942592315743,
    "sentKBytesPerSec" : 0.8700852145313202
  },
  "-21" : {
    "transaction" : "-21",
    "sampleCount" : 187,
    "errorCount" : 0,
    "errorPct" : 0.0,
    "meanResTime" : 510.7379679144387,
    "medianResTime" : 414.0,
    "minResTime" : 341.0,
    "maxResTime" : 1456.0,
    "pct1ResTime" : 802.8000000000002,
    "pct2ResTime" : 913.5999999999999,
    "pct3ResTime" : 1255.360000000001,
    "throughput" : 1.1194655300399894,